antecedents,consequents,antecedent support,consequent support,support,confidence,lift,representativity,leverage,conviction,zhangs_metric,jaccard,certainty,kulczynski
frozenset({'Beauty'}),frozenset({'Electronics'}),0.994,0.9945,0.9885,0.9944668008048291,0.9999666171994259,1.0,-3.2999999999949736e-05,0.9940000000000093,-0.0055331991951625935,0.9885,-0.006036217303813556,0.9942168091505292
frozenset({'Electronics'}),frozenset({'Beauty'}),0.9945,0.994,0.9885,0.9939668174962293,0.9999666171994258,1.0,-3.2999999999949736e-05,0.9945000000000044,-0.006033182503761604,0.9885,-0.005530417295118712,0.9942168091505292
frozenset({'Fashion'}),frozenset({'Beauty'}),0.991,0.994,0.985,0.9939455095862765,0.9999451806702983,1.0,-5.3999999999998494e-05,0.990999999999999,-0.006054490413723337,0.9850000000000001,-0.009081735620586331,0.992445591815271
frozenset({'Beauty'}),frozenset({'Fashion'}),0.994,0.991,0.985,0.9909456740442656,0.9999451806702983,1.0,-5.3999999999998494e-05,0.9940000000000004,-0.009054325955734147,0.9850000000000001,-0.006036217303822466,0.992445591815271
frozenset({'Beauty'}),frozenset({'Home'}),0.994,0.9945,0.9885,0.9944668008048291,0.9999666171994259,1.0,-3.2999999999949736e-05,0.9940000000000093,-0.0055331991951625935,0.9885,-0.006036217303813556,0.9942168091505292
frozenset({'Home'}),frozenset({'Beauty'}),0.9945,0.994,0.9885,0.9939668174962293,0.9999666171994258,1.0,-3.2999999999949736e-05,0.9945000000000044,-0.006033182503761604,0.9885,-0.005530417295118712,0.9942168091505292
frozenset({'Beauty'}),frozenset({'Sport'}),0.994,0.9935,0.9875,0.9934607645875252,0.9999605078888023,1.0,-3.900000000001125e-05,0.9939999999999986,-0.00653923541247673,0.9875,-0.006036217303824415,0.9937107547144974
frozenset({'Sport'}),frozenset({'Beauty'}),0.9935,0.994,0.9875,0.9939607448414696,0.9999605078888024,1.0,-3.900000000001125e-05,0.9935000000000035,-0.006039255158532236,0.9875,-0.006542526421737798,0.9937107547144974
frozenset({'Fashion'}),frozenset({'Electronics'}),0.991,0.9945,0.9855,0.9944500504540869,0.9999497742122542,1.0,-4.950000000003563e-05,0.9910000000000038,-0.005549949545917208,0.9855,-0.009081735620581377,0.9927001383492153
frozenset({'Electronics'}),frozenset({'Fashion'}),0.9945,0.991,0.9855,0.9909502262443439,0.9999497742122542,1.0,-4.950000000003563e-05,0.9945000000000044,-0.009049773755662705,0.9855,-0.005530417295118712,0.9927001383492153
frozenset({'Electronics'}),frozenset({'Home'}),0.9945,0.9945,0.989,0.9944695827048767,0.9999694144845417,1.0,-3.025000000012046e-05,0.9944999999999744,-0.0055304172951451385,0.989,-0.005530417295149047,0.9944695827048767
frozenset({'Home'}),frozenset({'Electronics'}),0.9945,0.9945,0.989,0.9944695827048767,0.9999694144845417,1.0,-3.025000000012046e-05,0.9944999999999744,-0.0055304172951451385,0.989,-0.005530417295149047,0.9944695827048767
frozenset({'Sport'}),frozenset({'Electronics'}),0.9935,0.9945,0.988,0.9944640161046804,0.9999638170987233,1.0,-3.575000000011208e-05,0.9934999999999835,-0.0055359838953368806,0.988,-0.00654252642175805,0.993964034196131
frozenset({'Electronics'}),frozenset({'Sport'}),0.9945,0.9935,0.988,0.9934640522875816,0.9999638170987233,1.0,-3.575000000011208e-05,0.9944999999999791,-0.006535947712438719,0.988,-0.00553041729514438,0.993964034196131
frozenset({'Fashion'}),frozenset({'Home'}),0.991,0.9945,0.9855,0.9944500504540869,0.9999497742122542,1.0,-4.950000000003563e-05,0.9910000000000038,-0.005549949545917208,0.9855,-0.009081735620581377,0.9927001383492153
frozenset({'Home'}),frozenset({'Fashion'}),0.9945,0.991,0.9855,0.9909502262443439,0.9999497742122542,1.0,-4.950000000003563e-05,0.9945000000000044,-0.009049773755662705,0.9855,-0.005530417295118712,0.9927001383492153
frozenset({'Fashion'}),frozenset({'Sport'}),0.991,0.9935,0.9845,0.9934409687184662,0.999940582504747,1.0,-5.849999999996136e-05,0.9909999999999947,-0.006559031281529465,0.9845,-0.00908173562059068,0.9921910429903353
frozenset({'Sport'}),frozenset({'Fashion'}),0.9935,0.991,0.9845,0.9909411172622044,0.999940582504747,1.0,-5.849999999996136e-05,0.9935000000000035,-0.009058882737789757,0.9845,-0.006542526421737798,0.9921910429903353
frozenset({'Sport'}),frozenset({'Home'}),0.9935,0.9945,0.988,0.9944640161046804,0.9999638170987233,1.0,-3.575000000011208e-05,0.9934999999999835,-0.0055359838953368806,0.988,-0.00654252642175805,0.993964034196131
frozenset({'Home'}),frozenset({'Sport'}),0.9945,0.9935,0.988,0.9934640522875816,0.9999638170987233,1.0,-3.575000000011208e-05,0.9944999999999791,-0.006535947712438719,0.988,-0.00553041729514438,0.993964034196131
"frozenset({'Fashion', 'Beauty'})",frozenset({'Electronics'}),0.985,0.9945,0.9795,0.9944162436548224,0.9999157804472824,1.0,-8.249999999998536e-05,0.9850000000000017,-0.00558375634517667,0.9795,-0.015228426395937345,0.9896666436976977
"frozenset({'Fashion', 'Electronics'})",frozenset({'Beauty'}),0.9855,0.994,0.9795,0.9939117199391172,0.9999111870614861,1.0,-8.699999999994823e-05,0.9855000000000009,-0.0060882800608791955,0.9795,-0.01471334348046581,0.9896620973941059
"frozenset({'Beauty', 'Electronics'})",frozenset({'Fashion'}),0.9885,0.991,0.9795,0.9908952959028832,0.9998943450079548,1.0,-0.00010350000000003412,0.9885000000000019,-0.00910470409711988,0.9795,-0.011633788568536167,0.9896454279716232
frozenset({'Fashion'}),"frozenset({'Beauty', 'Electronics'})",0.991,0.9885,0.9795,0.9883955600403633,0.9998943450079547,1.0,-0.00010350000000003412,0.9910000000000013,-0.011604439959640545,0.9795,-0.009081735620583961,0.9896454279716232
frozenset({'Beauty'}),"frozenset({'Fashion', 'Electronics'})",0.994,0.9855,0.9795,0.9854124748490946,0.9999111870614861,1.0,-8.699999999994823e-05,0.9939999999999962,-0.01458752515089674,0.9795,-0.006036217303826743,0.9896620973941059
frozenset({'Electronics'}),"frozenset({'Fashion', 'Beauty'})",0.9945,0.985,0.9795,0.9849170437405731,0.9999157804472824,1.0,-8.249999999998536e-05,0.994499999999997,-0.015082956259424308,0.9795,-0.005530417295126114,0.9896666436976977
"frozenset({'Beauty', 'Electronics'})",frozenset({'Home'}),0.9885,0.9945,0.983,0.994436014162873,0.9999356602944927,1.0,-6.32500000000702e-05,0.9884999999999788,-0.005563985837133103,0.983,-0.011633788568559835,0.9914362071819895
"frozenset({'Beauty', 'Home'})",frozenset({'Electronics'}),0.9885,0.9945,0.983,0.994436014162873,0.9999356602944927,1.0,-6.32500000000702e-05,0.9884999999999788,-0.005563985837133103,0.983,-0.011633788568559835,0.9914362071819895
"frozenset({'Electronics', 'Home'})",frozenset({'Beauty'}),0.989,0.994,0.983,0.993933265925177,0.9999328631037997,1.0,-6.60000000000105e-05,0.9890000000000007,-0.006066734074824012,0.983,-0.011122345803841555,0.9914334337674174
frozenset({'Beauty'}),"frozenset({'Electronics', 'Home'})",0.994,0.989,0.983,0.9889336016096579,0.9999328631037997,1.0,-6.60000000000105e-05,0.9939999999999993,-0.011066398390343802,0.983,-0.006036217303823588,0.9914334337674174
frozenset({'Electronics'}),"frozenset({'Beauty', 'Home'})",0.9945,0.9885,0.983,0.988436400201106,0.9999356602944927,1.0,-6.32500000000702e-05,0.9944999999999901,-0.011563599798906622,0.983,-0.00553041729513322,0.9914362071819895
frozenset({'Home'}),"frozenset({'Beauty', 'Electronics'})",0.9945,0.9885,0.983,0.988436400201106,0.9999356602944927,1.0,-6.32500000000702e-05,0.9944999999999901,-0.011563599798906622,0.983,-0.00553041729513322,0.9914362071819895
"frozenset({'Beauty', 'Sport'})",frozenset({'Electronics'}),0.9875,0.9945,0.982,0.9944303797468353,0.9999299947177831,1.0,-6.875000000006182e-05,0.9874999999999738,-0.005569620253169535,0.9819999999999998,-0.012658227848128095,0.9909306247653231
"frozenset({'Electronics', 'Sport'})",frozenset({'Beauty'}),0.988,0.994,0.982,0.9939271255060729,0.9999266856197916,1.0,-7.199999999996098e-05,0.9880000000000005,-0.00607287449392383,0.982,-0.012145748987853651,0.9909273454492136
"frozenset({'Beauty', 'Electronics'})",frozenset({'Sport'}),0.9885,0.9935,0.982,0.9934243803743045,0.9999238856309053,1.0,-7.475000000012333e-05,0.9884999999999879,-0.006575619625706309,0.9819999999999998,-0.011633788568550501,0.9909245706602272
frozenset({'Sport'}),"frozenset({'Beauty', 'Electronics'})",0.9935,0.9885,0.982,0.98842476094615,0.9999238856309053,1.0,-7.475000000012333e-05,0.9934999999999939,-0.011575239053869013,0.9819999999999998,-0.006542526421747484,0.9909245706602272
frozenset({'Beauty'}),"frozenset({'Electronics', 'Sport'})",0.994,0.988,0.982,0.9879275653923542,0.9999266856197917,1.0,-7.199999999996098e-05,0.9940000000000035,-0.012072434607639324,0.982,-0.006036217303819382,0.9909273454492136
frozenset({'Electronics'}),"frozenset({'Beauty', 'Sport'})",0.9945,0.9875,0.982,0.9874308697838109,0.9999299947177831,1.0,-6.875000000006182e-05,0.9944999999999912,-0.012569130216200203,0.9819999999999998,-0.0055304172951320596,0.9909306247653231
"frozenset({'Fashion', 'Beauty'})",frozenset({'Home'}),0.985,0.9945,0.9795,0.9944162436548224,0.9999157804472824,1.0,-8.249999999998536e-05,0.9850000000000017,-0.00558375634517667,0.9795,-0.015228426395937345,0.9896666436976977
"frozenset({'Fashion', 'Home'})",frozenset({'Beauty'}),0.9855,0.994,0.9795,0.9939117199391172,0.9999111870614861,1.0,-8.699999999994823e-05,0.9855000000000009,-0.0060882800608791955,0.9795,-0.01471334348046581,0.9896620973941059
"frozenset({'Beauty', 'Home'})",frozenset({'Fashion'}),0.9885,0.991,0.9795,0.9908952959028832,0.9998943450079548,1.0,-0.00010350000000003412,0.9885000000000019,-0.00910470409711988,0.9795,-0.011633788568536167,0.9896454279716232
frozenset({'Fashion'}),"frozenset({'Beauty', 'Home'})",0.991,0.9885,0.9795,0.9883955600403633,0.9998943450079547,1.0,-0.00010350000000003412,0.9910000000000013,-0.011604439959640545,0.9795,-0.009081735620583961,0.9896454279716232
frozenset({'Beauty'}),"frozenset({'Fashion', 'Home'})",0.994,0.9855,0.9795,0.9854124748490946,0.9999111870614861,1.0,-8.699999999994823e-05,0.9939999999999962,-0.01458752515089674,0.9795,-0.006036217303826743,0.9896620973941059
frozenset({'Home'}),"frozenset({'Fashion', 'Beauty'})",0.9945,0.985,0.9795,0.9849170437405731,0.9999157804472824,1.0,-8.249999999998536e-05,0.994499999999997,-0.015082956259424308,0.9795,-0.005530417295126114,0.9896666436976977
"frozenset({'Fashion', 'Beauty'})",frozenset({'Sport'}),0.985,0.9935,0.9785,0.9934010152284265,0.9999003676179431,1.0,-9.749999999997261e-05,0.9850000000000078,-0.0065989847715717444,0.9785000000000001,-0.015228426395931109,0.9891514386660503
"frozenset({'Fashion', 'Sport'})",frozenset({'Beauty'}),0.9845,0.994,0.9785,0.9939055358049771,0.9999049655985686,1.0,-9.300000000000974e-05,0.9844999999999922,-0.006094464195023509,0.9785000000000001,-0.01574403250381716,0.9891559872183839
"frozenset({'Beauty', 'Sport'})",frozenset({'Fashion'}),0.9875,0.991,0.9785,0.9908860759493671,0.9998850413212584,1.0,-0.00011249999999995985,0.987499999999998,-0.00911392405062969,0.9785000000000001,-0.012658227848103295,0.9891362771270549
frozenset({'Fashion'}),"frozenset({'Beauty', 'Sport'})",0.991,0.9875,0.9785,0.9873864783047427,0.9998850413212583,1.0,-0.00011249999999995985,0.9909999999999968,-0.012613521695252802,0.9785000000000001,-0.009081735620588593,0.9891362771270549
frozenset({'Beauty'}),"frozenset({'Fashion', 'Sport'})",0.994,0.9845,0.9785,0.9844064386317908,0.9999049655985686,1.0,-9.300000000000974e-05,0.9939999999999997,-0.015593561368210876,0.9785000000000001,-0.006036217303823283,0.9891559872183839
frozenset({'Sport'}),"frozenset({'Fashion', 'Beauty'})",0.9935,0.985,0.9785,0.9849018621036739,0.9999003676179431,1.0,-9.749999999997261e-05,0.9935000000000035,-0.015098137896321993,0.9785000000000001,-0.006542526421737798,0.9891514386660503
"frozenset({'Beauty', 'Sport'})",frozenset({'Home'}),0.9875,0.9945,0.982,0.9944303797468353,0.9999299947177831,1.0,-6.875000000006182e-05,0.9874999999999738,-0.005569620253169535,0.9819999999999998,-0.012658227848128095,0.9909306247653231
"frozenset({'Beauty', 'Home'})",frozenset({'Sport'}),0.9885,0.9935,0.982,0.9934243803743045,0.9999238856309053,1.0,-7.475000000012333e-05,0.9884999999999879,-0.006575619625706309,0.9819999999999998,-0.011633788568550501,0.9909245706602272
"frozenset({'Sport', 'Home'})",frozenset({'Beauty'}),0.988,0.994,0.982,0.9939271255060729,0.9999266856197916,1.0,-7.199999999996098e-05,0.9880000000000005,-0.00607287449392383,0.982,-0.012145748987853651,0.9909273454492136
frozenset({'Beauty'}),"frozenset({'Sport', 'Home'})",0.994,0.988,0.982,0.9879275653923542,0.9999266856197917,1.0,-7.199999999996098e-05,0.9940000000000035,-0.012072434607639324,0.982,-0.006036217303819382,0.9909273454492136
frozenset({'Sport'}),"frozenset({'Beauty', 'Home'})",0.9935,0.9885,0.982,0.98842476094615,0.9999238856309053,1.0,-7.475000000012333e-05,0.9934999999999939,-0.011575239053869013,0.9819999999999998,-0.006542526421747484,0.9909245706602272
frozenset({'Home'}),"frozenset({'Beauty', 'Sport'})",0.9945,0.9875,0.982,0.9874308697838109,0.9999299947177831,1.0,-6.875000000006182e-05,0.9944999999999912,-0.012569130216200203,0.9819999999999998,-0.0055304172951320596,0.9909306247653231
"frozenset({'Fashion', 'Electronics'})",frozenset({'Home'}),0.9855,0.9945,0.98,0.9944190766108574,0.9999186290707465,1.0,-7.975000000015608e-05,0.9854999999999812,-0.005580923389153464,0.98,-0.014713343480486144,0.9899194427800391
"frozenset({'Fashion', 'Home'})",frozenset({'Electronics'}),0.9855,0.9945,0.98,0.9944190766108574,0.9999186290707465,1.0,-7.975000000015608e-05,0.9854999999999812,-0.005580923389153464,0.98,-0.014713343480486144,0.9899194427800391
"frozenset({'Electronics', 'Home'})",frozenset({'Fashion'}),0.989,0.991,0.98,0.9908998988877654,0.9998989897959288,1.0,-9.899999999996023e-05,0.9890000000000007,-0.009100101112230917,0.98,-0.011122345803841555,0.9898999998979695
frozenset({'Fashion'}),"frozenset({'Electronics', 'Home'})",0.991,0.989,0.98,0.9889001009081736,0.9998989897959288,1.0,-9.899999999996023e-05,0.9910000000000039,-0.011099899091821968,0.98,-0.009081735620581285,0.9898999998979695
frozenset({'Electronics'}),"frozenset({'Fashion', 'Home'})",0.9945,0.9855,0.98,0.9854198089492207,0.9999186290707465,1.0,-7.975000000015608e-05,0.9944999999999931,-0.014580191050807661,0.98,-0.005530417295130218,0.9899194427800391
frozenset({'Home'}),"frozenset({'Fashion', 'Electronics'})",0.9945,0.9855,0.98,0.9854198089492207,0.9999186290707465,1.0,-7.975000000015608e-05,0.9944999999999931,-0.014580191050807661,0.98,-0.005530417295130218,0.9899194427800391
"frozenset({'Fashion', 'Sport'})",frozenset({'Electronics'}),0.9845,0.9945,0.979,0.994413407821229,0.9999129289303459,1.0,-8.525000000014771e-05,0.9844999999999822,-0.0055865921787806045,0.979,-0.015744032503827412,0.9894138431765773
"frozenset({'Fashion', 'Electronics'})",frozenset({'Sport'}),0.9855,0.9935,0.979,0.9934043632673769,0.9999037375615268,1.0,-9.425000000007344e-05,0.9854999999999842,-0.006595636732628142,0.979,-0.014713343480483016,0.9894047483171309
"frozenset({'Electronics', 'Sport'})",frozenset({'Fashion'}),0.988,0.991,0.979,0.9908906882591093,0.9998896955187784,1.0,-0.00010799999999999699,0.9880000000000005,-0.009109311740890426,0.979,-0.012145748987853651,0.9893908537158311
frozenset({'Fashion'}),"frozenset({'Electronics', 'Sport'})",0.991,0.988,0.979,0.987891019172553,0.9998896955187783,1.0,-0.00010799999999999699,0.990999999999999,-0.012108980827446674,0.979,-0.009081735620586331,0.9893908537158311
frozenset({'Sport'}),"frozenset({'Fashion', 'Electronics'})",0.9935,0.9855,0.979,0.9854051333668847,0.9999037375615268,1.0,-9.425000000007344e-05,0.9934999999999959,-0.014594866633126483,0.979,-0.0065425264217454804,0.9894047483171309
frozenset({'Electronics'}),"frozenset({'Fashion', 'Sport'})",0.9945,0.9845,0.979,0.9844142785319255,0.9999129289303459,1.0,-8.525000000014771e-05,0.9944999999999937,-0.015585721468101242,0.979,-0.005530417295129476,0.9894138431765773
"frozenset({'Electronics', 'Sport'})",frozenset({'Home'}),0.988,0.9945,0.9825,0.9944331983805669,0.9999328289397353,1.0,-6.60000000000105e-05,0.9880000000000038,-0.005566801619434078,0.9825000000000002,-0.01214574898785041,0.9911834166865128
"frozenset({'Sport', 'Home'})",frozenset({'Electronics'}),0.988,0.9945,0.9825,0.9944331983805669,0.9999328289397353,1.0,-6.60000000000105e-05,0.9880000000000038,-0.005566801619434078,0.9825000000000002,-0.01214574898785041,0.9911834166865128
"frozenset({'Electronics', 'Home'})",frozenset({'Sport'}),0.989,0.9935,0.9825,0.993427704752275,0.9999272317587066,1.0,-7.150000000000212e-05,0.988999999999995,-0.006572295247725163,0.9825000000000002,-0.011122345803847342,0.9911778684808179
frozenset({'Sport'}),"frozenset({'Electronics', 'Home'})",0.9935,0.989,0.9825,0.9889280322093609,0.9999272317587067,1.0,-7.150000000000212e-05,0.9935000000000035,-0.011071967790639568,0.9825000000000002,-0.006542526421737798,0.9911778684808179
frozenset({'Electronics'}),"frozenset({'Sport', 'Home'})",0.9945,0.988,0.9825,0.9879336349924586,0.9999328289397355,1.0,-6.60000000000105e-05,0.9945000000000044,-0.012066365007543507,0.9825000000000002,-0.005530417295118712,0.9911834166865128
frozenset({'Home'}),"frozenset({'Electronics', 'Sport'})",0.9945,0.988,0.9825,0.9879336349924586,0.9999328289397355,1.0,-6.60000000000105e-05,0.9945000000000044,-0.012066365007543507,0.9825000000000002,-0.005530417295118712,0.9911834166865128
"frozenset({'Fashion', 'Sport'})",frozenset({'Home'}),0.9845,0.9945,0.979,0.994413407821229,0.9999129289303459,1.0,-8.525000000014771e-05,0.9844999999999822,-0.0055865921787806045,0.979,-0.015744032503827412,0.9894138431765773
"frozenset({'Fashion', 'Home'})",frozenset({'Sport'}),0.9855,0.9935,0.979,0.9934043632673769,0.9999037375615268,1.0,-9.425000000007344e-05,0.9854999999999842,-0.006595636732628142,0.979,-0.014713343480483016,0.9894047483171309
"frozenset({'Sport', 'Home'})",frozenset({'Fashion'}),0.988,0.991,0.979,0.9908906882591093,0.9998896955187784,1.0,-0.00010799999999999699,0.9880000000000005,-0.009109311740890426,0.979,-0.012145748987853651,0.9893908537158311
frozenset({'Fashion'}),"frozenset({'Sport', 'Home'})",0.991,0.988,0.979,0.987891019172553,0.9998896955187783,1.0,-0.00010799999999999699,0.990999999999999,-0.012108980827446674,0.979,-0.009081735620586331,0.9893908537158311
frozenset({'Sport'}),"frozenset({'Fashion', 'Home'})",0.9935,0.9855,0.979,0.9854051333668847,0.9999037375615268,1.0,-9.425000000007344e-05,0.9934999999999959,-0.014594866633126483,0.979,-0.0065425264217454804,0.9894047483171309
frozenset({'Home'}),"frozenset({'Fashion', 'Sport'})",0.9945,0.9845,0.979,0.9844142785319255,0.9999129289303459,1.0,-8.525000000014771e-05,0.9944999999999937,-0.015585721468101242,0.979,-0.005530417295129476,0.9894138431765773
"frozenset({'Fashion', 'Beauty', 'Electronics'})",frozenset({'Home'}),0.9795,0.9945,0.974,0.9943848902501276,0.999884253645176,1.0,-0.00011275000000010582,0.9794999999999796,-0.005615109749877633,0.9739999999999998,-0.020929045431363747,0.9868857583477888
"frozenset({'Fashion', 'Beauty', 'Home'})",frozenset({'Electronics'}),0.9795,0.9945,0.974,0.9943848902501276,0.999884253645176,1.0,-0.00011275000000010582,0.9794999999999796,-0.005615109749877633,0.9739999999999998,-0.020929045431363747,0.9868857583477888
"frozenset({'Fashion', 'Electronics', 'Home'})",frozenset({'Beauty'}),0.98,0.994,0.974,0.9938775510204082,0.9998768118917588,1.0,-0.00012000000000000899,0.9800000000000069,-0.00612244897959229,0.974,-0.020408163265298946,0.9868784133371659
"frozenset({'Beauty', 'Electronics', 'Home'})",frozenset({'Fashion'}),0.983,0.991,0.974,0.9908443540183113,0.9998429404826552,1.0,-0.00015299999999995872,0.9829999999999995,-0.009155645981686231,0.974,-0.017293997965412467,0.9868449822563807
"frozenset({'Fashion', 'Beauty'})","frozenset({'Electronics', 'Home'})",0.985,0.989,0.974,0.9888324873096447,0.999830624175576,1.0,-0.00016499999999997073,0.9850000000000019,-0.01116751269035334,0.974,-0.01522842639593719,0.9868328260612935
"frozenset({'Fashion', 'Electronics'})","frozenset({'Beauty', 'Home'})",0.9855,0.9885,0.974,0.9883307965499746,0.9998288280728118,1.0,-0.00016675000000010431,0.9854999999999915,-0.011669203450032611,0.9739999999999998,-0.014713343480475536,0.9868310533078654
"frozenset({'Fashion', 'Home'})","frozenset({'Beauty', 'Electronics'})",0.9855,0.9885,0.974,0.9883307965499746,0.9998288280728118,1.0,-0.00016675000000010431,0.9854999999999915,-0.011669203450032611,0.9739999999999998,-0.014713343480475536,0.9868310533078654
"frozenset({'Beauty', 'Electronics'})","frozenset({'Fashion', 'Home'})",0.9885,0.9855,0.974,0.9853313100657561,0.9998288280728118,1.0,-0.00016675000000010431,0.9884999999999932,-0.014668689934252896,0.9739999999999998,-0.011633788568545144,0.9868310533078654
"frozenset({'Beauty', 'Home'})","frozenset({'Fashion', 'Electronics'})",0.9885,0.9855,0.974,0.9853313100657561,0.9998288280728118,1.0,-0.00016675000000010431,0.9884999999999932,-0.014668689934252896,0.9739999999999998,-0.011633788568545144,0.9868310533078654
"frozenset({'Electronics', 'Home'})","frozenset({'Fashion', 'Beauty'})",0.989,0.985,0.974,0.9848331648129424,0.999830624175576,1.0,-0.00016499999999997073,0.9890000000000007,-0.015166835187054929,0.974,-0.011122345803841555,0.9868328260612935
frozenset({'Fashion'}),"frozenset({'Beauty', 'Electronics', 'Home'})",0.991,0.983,0.974,0.9828456104944501,0.9998429404826552,1.0,-0.00015299999999995872,0.9910000000000022,-0.017154389505545306,0.974,-0.009081735620583066,0.9868449822563807
frozenset({'Beauty'}),"frozenset({'Fashion', 'Electronics', 'Home'})",0.994,0.98,0.974,0.9798792756539235,0.9998768118917587,1.0,-0.00012000000000000899,0.9939999999999999,-0.02012072434607795,0.974,-0.006036217303823083,0.9868784133371659
frozenset({'Electronics'}),"frozenset({'Fashion', 'Beauty', 'Home'})",0.9945,0.9795,0.974,0.9793866264454499,0.999884253645176,1.0,-0.00011275000000010582,0.9944999999999964,-0.020613373554569145,0.9739999999999998,-0.00553041729512685,0.9868857583477888
frozenset({'Home'}),"frozenset({'Fashion', 'Beauty', 'Electronics'})",0.9945,0.9795,0.974,0.9793866264454499,0.999884253645176,1.0,-0.00011275000000010582,0.9944999999999964,-0.020613373554569145,0.9739999999999998,-0.00553041729512685,0.9868857583477888
"frozenset({'Fashion', 'Beauty', 'Sport'})",frozenset({'Electronics'}),0.9785,0.9945,0.973,0.9943791517629024,0.9998784834217218,1.0,-0.00011825000000009744,0.9784999999999853,-0.005620848237102211,0.973,-0.021972406745033212,0.9863801238955285
"frozenset({'Fashion', 'Sport', 'Electronics'})",frozenset({'Beauty'}),0.979,0.994,0.973,0.9938712972420838,0.9998705203642694,1.0,-0.00012599999999995948,0.979000000000005,-0.006128702757914265,0.9730000000000001,-0.021450459652701703,0.9863722683393518
"frozenset({'Fashion', 'Beauty', 'Electronics'})",frozenset({'Sport'}),0.9795,0.9935,0.973,0.9933639612046962,0.9998630711672835,1.0,-0.0001332500000000847,0.9794999999999767,-0.00663603879530792,0.973,-0.02092904543136682,0.9863649197065252
"frozenset({'Electronics', 'Beauty', 'Sport'})",frozenset({'Fashion'}),0.982,0.991,0.973,0.9908350305498982,0.999833532340967,1.0,-0.00016199999999999548,0.9820000000000031,-0.009164969450101569,0.9730000000000001,-0.018329938900200425,0.9863357796543638
"frozenset({'Fashion', 'Sport'})","frozenset({'Beauty', 'Electronics'})",0.9845,0.9885,0.973,0.9883189436262061,0.9998168372546343,1.0,-0.00017825000000015745,0.9844999999999874,-0.01168105637380407,0.973,-0.015744032503822062,0.9863193099516969
"frozenset({'Fashion', 'Beauty'})","frozenset({'Electronics', 'Sport'})",0.985,0.988,0.973,0.9878172588832487,0.9998150393555149,1.0,-0.00017999999999995797,0.9849999999999961,-0.012182741116748415,0.9730000000000001,-0.015228426395943078,0.9863175363242154
"frozenset({'Fashion', 'Electronics'})","frozenset({'Beauty', 'Sport'})",0.9855,0.9875,0.973,0.9873160832064941,0.9998137551458168,1.0,-0.0001812500000001327,0.9854999999999923,-0.012683916793515061,0.973,-0.014713343480474757,0.9863162694513483
"frozenset({'Beauty', 'Sport'})","frozenset({'Fashion', 'Electronics'})",0.9875,0.9855,0.973,0.9853164556962024,0.9998137551458167,1.0,-0.0001812500000001327,0.9874999999999888,-0.01468354430380814,0.973,-0.012658227848112703,0.9863162694513483
"frozenset({'Electronics', 'Sport'})","frozenset({'Fashion', 'Beauty'})",0.988,0.985,0.973,0.9848178137651822,0.999815039355515,1.0,-0.00017999999999995797,0.9880000000000005,-0.015182186234814255,0.9730000000000001,-0.012145748987853651,0.9863175363242154
"frozenset({'Beauty', 'Electronics'})","frozenset({'Fashion', 'Sport'})",0.9885,0.9845,0.973,0.9843196762771876,0.9998168372546344,1.0,-0.00017825000000015745,0.988499999999996,-0.015680323722826104,0.973,-0.011633788568542178,0.9863193099516969
frozenset({'Fashion'}),"frozenset({'Electronics', 'Beauty', 'Sport'})",0.991,0.982,0.973,0.9818365287588294,0.9998335323409668,1.0,-0.00016199999999999548,0.990999999999999,-0.01816347124117001,0.9730000000000001,-0.009081735620586331,0.9863357796543638
frozenset({'Sport'}),"frozenset({'Fashion', 'Beauty', 'Electronics'})",0.9935,0.9795,0.973,0.9793658782083542,0.9998630711672835,1.0,-0.0001332500000000847,0.9934999999999927,-0.020634121791658615,0.973,-0.006542526421748648,0.9863649197065252
frozenset({'Beauty'}),"frozenset({'Fashion', 'Sport', 'Electronics'})",0.994,0.979,0.973,0.9788732394366197,0.9998705203642694,1.0,-0.00012599999999995948,0.9940000000000022,-0.02112676056337347,0.9730000000000001,-0.006036217303820704,0.9863722683393518
frozenset({'Electronics'}),"frozenset({'Fashion', 'Beauty', 'Sport'})",0.9945,0.9785,0.973,0.9783810960281548,0.9998784834217218,1.0,-0.00011825000000009744,0.9944999999999967,-0.021618903971862724,0.973,-0.005530417295126472,0.9863801238955285
"frozenset({'Electronics', 'Beauty', 'Sport'})",frozenset({'Home'}),0.982,0.9945,0.9765,0.994399185336049,0.9998986277888878,1.0,-9.899999999996023e-05,0.9820000000000094,-0.0056008146639488655,0.9765,-0.01832993890019388,0.9881498189123683
"frozenset({'Beauty', 'Sport', 'Home'})",frozenset({'Electronics'}),0.982,0.9945,0.9765,0.994399185336049,0.9998986277888878,1.0,-9.899999999996023e-05,0.9820000000000094,-0.0056008146639488655,0.9765,-0.01832993890019388,0.9881498189123683
"frozenset({'Electronics', 'Sport', 'Home'})",frozenset({'Beauty'}),0.9825,0.994,0.9765,0.9938931297709923,0.9998924846790667,1.0,-0.00010500000000002174,0.982499999999992,-0.006106870229008911,0.9765,-0.01781170483461379,0.9881437479840878
"frozenset({'Beauty', 'Electronics', 'Home'})",frozenset({'Sport'}),0.983,0.9935,0.9765,0.9933875890132249,0.9998868535613737,1.0,-0.00011050000000001337,0.9830000000000012,-0.0066124109867759726,0.9765,-0.01729399796541072,0.9881381830320276
"frozenset({'Beauty', 'Sport'})","frozenset({'Electronics', 'Home'})",0.9875,0.989,0.9765,0.9888607594936709,0.9998592108126096,1.0,-0.0001375000000000126,0.9875000000000035,-0.011139240506330174,0.9765,-0.012658227848097689,0.9881108650855615
"frozenset({'Electronics', 'Sport'})","frozenset({'Beauty', 'Home'})",0.988,0.9885,0.9765,0.9883603238866397,0.9998586989242688,1.0,-0.00013799999999997148,0.9880000000000021,-0.011639676113357908,0.9765,-0.012145748987852102,0.9881103592119087
"frozenset({'Sport', 'Home'})","frozenset({'Beauty', 'Electronics'})",0.988,0.9885,0.9765,0.9883603238866397,0.9998586989242688,1.0,-0.00013799999999997148,0.9880000000000021,-0.011639676113357908,0.9765,-0.012145748987852102,0.9881103592119087
"frozenset({'Beauty', 'Electronics'})","frozenset({'Sport', 'Home'})",0.9885,0.988,0.9765,0.9878603945371776,0.9998586989242688,1.0,-0.00013799999999997148,0.9885000000000019,-0.012139605462819997,0.9765,-0.011633788568536167,0.9881103592119087
"frozenset({'Beauty', 'Home'})","frozenset({'Electronics', 'Sport'})",0.9885,0.988,0.9765,0.9878603945371776,0.9998586989242688,1.0,-0.00013799999999997148,0.9885000000000019,-0.012139605462819997,0.9765,-0.011633788568536167,0.9881103592119087
"frozenset({'Electronics', 'Home'})","frozenset({'Beauty', 'Sport'})",0.989,0.9875,0.9765,0.987360970677452,0.9998592108126095,1.0,-0.0001375000000000126,0.9889999999999978,-0.012639029322549176,0.9765,-0.011122345803844564,0.9881108650855615
frozenset({'Sport'}),"frozenset({'Beauty', 'Electronics', 'Home'})",0.9935,0.983,0.9765,0.9828887770508303,0.9998868535613737,1.0,-0.00011050000000001337,0.993499999999997,-0.017111222949171803,0.9765,-0.0065425264217443295,0.9881381830320276
frozenset({'Beauty'}),"frozenset({'Electronics', 'Sport', 'Home'})",0.994,0.9825,0.9765,0.9823943661971831,0.9998924846790668,1.0,-0.00010500000000002174,0.9939999999999991,-0.01760563380282053,0.9765,-0.006036217303823895,0.9881437479840878
frozenset({'Electronics'}),"frozenset({'Beauty', 'Sport', 'Home'})",0.9945,0.982,0.9765,0.9819004524886877,0.9998986277888877,1.0,-9.899999999996023e-05,0.9944999999999983,-0.01809954751130511,0.9765,-0.0055304172951248795,0.9881498189123683
frozenset({'Home'}),"frozenset({'Electronics', 'Beauty', 'Sport'})",0.9945,0.982,0.9765,0.9819004524886877,0.9998986277888877,1.0,-9.899999999996023e-05,0.9944999999999983,-0.01809954751130511,0.9765,-0.0055304172951248795,0.9881498189123683
"frozenset({'Fashion', 'Beauty', 'Sport'})",frozenset({'Home'}),0.9785,0.9945,0.973,0.9943791517629024,0.9998784834217218,1.0,-0.00011825000000009744,0.9784999999999853,-0.005620848237102211,0.973,-0.021972406745033212,0.9863801238955285
"frozenset({'Fashion', 'Beauty', 'Home'})",frozenset({'Sport'}),0.9795,0.9935,0.973,0.9933639612046962,0.9998630711672835,1.0,-0.0001332500000000847,0.9794999999999767,-0.00663603879530792,0.973,-0.02092904543136682,0.9863649197065252
"frozenset({'Fashion', 'Sport', 'Home'})",frozenset({'Beauty'}),0.979,0.994,0.973,0.9938712972420838,0.9998705203642694,1.0,-0.00012599999999995948,0.979000000000005,-0.006128702757914265,0.9730000000000001,-0.021450459652701703,0.9863722683393518
"frozenset({'Beauty', 'Sport', 'Home'})",frozenset({'Fashion'}),0.982,0.991,0.973,0.9908350305498982,0.999833532340967,1.0,-0.00016199999999999548,0.9820000000000031,-0.009164969450101569,0.9730000000000001,-0.018329938900200425,0.9863357796543638
"frozenset({'Fashion', 'Beauty'})","frozenset({'Sport', 'Home'})",0.985,0.988,0.973,0.9878172588832487,0.9998150393555149,1.0,-0.00017999999999995797,0.9849999999999961,-0.012182741116748415,0.9730000000000001,-0.015228426395943078,0.9863175363242154
"frozenset({'Fashion', 'Sport'})","frozenset({'Beauty', 'Home'})",0.9845,0.9885,0.973,0.9883189436262061,0.9998168372546343,1.0,-0.00017825000000015745,0.9844999999999874,-0.01168105637380407,0.973,-0.015744032503822062,0.9863193099516969
"frozenset({'Fashion', 'Home'})","frozenset({'Beauty', 'Sport'})",0.9855,0.9875,0.973,0.9873160832064941,0.9998137551458168,1.0,-0.0001812500000001327,0.9854999999999923,-0.012683916793515061,0.973,-0.014713343480474757,0.9863162694513483
"frozenset({'Beauty', 'Sport'})","frozenset({'Fashion', 'Home'})",0.9875,0.9855,0.973,0.9853164556962024,0.9998137551458167,1.0,-0.0001812500000001327,0.9874999999999888,-0.01468354430380814,0.973,-0.012658227848112703,0.9863162694513483
"frozenset({'Beauty', 'Home'})","frozenset({'Fashion', 'Sport'})",0.9885,0.9845,0.973,0.9843196762771876,0.9998168372546344,1.0,-0.00017825000000015745,0.988499999999996,-0.015680323722826104,0.973,-0.011633788568542178,0.9863193099516969
"frozenset({'Sport', 'Home'})","frozenset({'Fashion', 'Beauty'})",0.988,0.985,0.973,0.9848178137651822,0.999815039355515,1.0,-0.00017999999999995797,0.9880000000000005,-0.015182186234814255,0.9730000000000001,-0.012145748987853651,0.9863175363242154
frozenset({'Fashion'}),"frozenset({'Beauty', 'Sport', 'Home'})",0.991,0.982,0.973,0.9818365287588294,0.9998335323409668,1.0,-0.00016199999999999548,0.990999999999999,-0.01816347124117001,0.9730000000000001,-0.009081735620586331,0.9863357796543638
frozenset({'Beauty'}),"frozenset({'Fashion', 'Sport', 'Home'})",0.994,0.979,0.973,0.9788732394366197,0.9998705203642694,1.0,-0.00012599999999995948,0.9940000000000022,-0.02112676056337347,0.9730000000000001,-0.006036217303820704,0.9863722683393518
frozenset({'Sport'}),"frozenset({'Fashion', 'Beauty', 'Home'})",0.9935,0.9795,0.973,0.9793658782083542,0.9998630711672835,1.0,-0.0001332500000000847,0.9934999999999927,-0.020634121791658615,0.973,-0.006542526421748648,0.9863649197065252
frozenset({'Home'}),"frozenset({'Fashion', 'Beauty', 'Sport'})",0.9945,0.9785,0.973,0.9783810960281548,0.9998784834217218,1.0,-0.00011825000000009744,0.9944999999999967,-0.021618903971862724,0.973,-0.005530417295126472,0.9863801238955285
"frozenset({'Fashion', 'Sport', 'Electronics'})",frozenset({'Home'}),0.979,0.9945,0.9735,0.9943820224719102,0.9998813700069483,1.0,-0.00011550000000004612,0.979000000000008,-0.005617977528092126,0.9735,-0.021450459652698557,0.9866329418543562
"frozenset({'Fashion', 'Sport', 'Home'})",frozenset({'Electronics'}),0.979,0.9945,0.9735,0.9943820224719102,0.9998813700069483,1.0,-0.00011550000000004612,0.979000000000008,-0.005617977528092126,0.9735,-0.021450459652698557,0.9866329418543562
"frozenset({'Fashion', 'Electronics', 'Home'})",frozenset({'Sport'}),0.98,0.9935,0.9735,0.9933673469387756,0.9998664790526176,1.0,-0.00012999999999996348,0.9800000000000053,-0.00663265306122262,0.9735,-0.020408163265300545,0.9866182482051704
"frozenset({'Electronics', 'Sport', 'Home'})",frozenset({'Fashion'}),0.9825,0.991,0.9735,0.9908396946564886,0.9998382388057403,1.0,-0.00015750000000003261,0.982500000000004,-0.009160305343513368,0.9735,-0.017811704834601455,0.9865903821415642
"frozenset({'Fashion', 'Sport'})","frozenset({'Electronics', 'Home'})",0.9845,0.989,0.9735,0.9888268156424581,0.9998248894261458,1.0,-0.00017049999999996235,0.9845000000000019,-0.011173184357539463,0.9735,-0.015744032503807067,0.9865772096412493
"frozenset({'Fashion', 'Electronics'})","frozenset({'Sport', 'Home'})",0.9855,0.988,0.9735,0.9878234398782344,0.9998212954233142,1.0,-0.00017400000000000748,0.9855000000000009,-0.012176560121766159,0.9735,-0.01471334348046581,0.9865736632589552
"frozenset({'Fashion', 'Home'})","frozenset({'Electronics', 'Sport'})",0.9855,0.988,0.9735,0.9878234398782344,0.9998212954233142,1.0,-0.00017400000000000748,0.9855000000000009,-0.012176560121766159,0.9735,-0.01471334348046581,0.9865736632589552
"frozenset({'Electronics', 'Sport'})","frozenset({'Fashion', 'Home'})",0.988,0.9855,0.9735,0.9853238866396762,0.9998212954233142,1.0,-0.00017400000000000748,0.9880000000000018,-0.014676113360324504,0.9735,-0.012145748987852423,0.9865736632589552
"frozenset({'Sport', 'Home'})","frozenset({'Fashion', 'Electronics'})",0.988,0.9855,0.9735,0.9853238866396762,0.9998212954233142,1.0,-0.00017400000000000748,0.9880000000000018,-0.014676113360324504,0.9735,-0.012145748987852423,0.9865736632589552
"frozenset({'Electronics', 'Home'})","frozenset({'Fashion', 'Sport'})",0.989,0.9845,0.9735,0.9843276036400405,0.9998248894261457,1.0,-0.00017049999999996235,0.9889999999999983,-0.01567239635995608,0.9735,-0.011122345803843981,0.9865772096412493
frozenset({'Fashion'}),"frozenset({'Electronics', 'Sport', 'Home'})",0.991,0.9825,0.9735,0.9823410696266398,0.9998382388057402,1.0,-0.00015750000000003261,0.9910000000000004,-0.01765893037336388,0.9735,-0.009081735620584775,0.9865903821415642
frozenset({'Sport'}),"frozenset({'Fashion', 'Electronics', 'Home'})",0.9935,0.98,0.9735,0.9798691494715651,0.9998664790526175,1.0,-0.00012999999999996348,0.9934999999999979,-0.020130850528429327,0.9735,-0.006542526421743349,0.9866182482051704
frozenset({'Electronics'}),"frozenset({'Fashion', 'Sport', 'Home'})",0.9945,0.979,0.9735,0.9788838612368024,0.9998813700069483,1.0,-0.00011550000000004612,0.9944999999999992,-0.02111613876320621,0.9735,-0.005530417295123999,0.9866329418543562
frozenset({'Home'}),"frozenset({'Fashion', 'Sport', 'Electronics'})",0.9945,0.979,0.9735,0.9788838612368024,0.9998813700069483,1.0,-0.00011550000000004612,0.9944999999999992,-0.02111613876320621,0.9735,-0.005530417295123999,0.9866329418543562
"frozenset({'Fashion', 'Beauty', 'Sport', 'Electronics'})",frozenset({'Home'}),0.973,0.9945,0.9675,0.9943473792394656,0.9998465351829718,1.0,-0.00014849999999999586,0.9729999999999943,-0.005652620760534267,0.9675,-0.027749229188084062,0.9835990289862486
"frozenset({'Fashion', 'Beauty', 'Sport', 'Home'})",frozenset({'Electronics'}),0.973,0.9945,0.9675,0.9943473792394656,0.9998465351829718,1.0,-0.00014849999999999586,0.9729999999999943,-0.005652620760534267,0.9675,-0.027749229188084062,0.9835990289862486
"frozenset({'Fashion', 'Beauty', 'Electronics', 'Home'})",frozenset({'Sport'}),0.974,0.9935,0.9675,0.9933264887063655,0.9998253535041424,1.0,-0.00016899999999997473,0.9739999999999963,-0.0066735112936334925,0.9675,-0.026694045174541846,0.9835781915097002
"frozenset({'Fashion', 'Home', 'Sport', 'Electronics'})",frozenset({'Beauty'}),0.9735,0.994,0.9675,0.9938366718027735,0.9998356859182832,1.0,-0.00015900000000002024,0.9734999999999955,-0.0061633281972272936,0.9675,-0.027221366204421813,0.983588356022111
"frozenset({'Electronics', 'Beauty', 'Sport', 'Home'})",frozenset({'Fashion'}),0.9765,0.991,0.9675,0.9907834101382489,0.9997814431263864,1.0,-0.0002115000000000311,0.9765000000000051,-0.00921658986175252,0.9675,-0.02406554019456711,0.9835349946755826
"frozenset({'Fashion', 'Beauty', 'Sport'})","frozenset({'Electronics', 'Home'})",0.9785,0.989,0.9675,0.9887583035258048,0.9997556152940393,1.0,-0.00023649999999997284,0.9785000000000048,-0.011241696474193924,0.9675,-0.021972406745012805,0.9835095865455111
"frozenset({'Fashion', 'Beauty', 'Electronics'})","frozenset({'Sport', 'Home'})",0.9795,0.988,0.9675,0.9877488514548238,0.9997458010676354,1.0,-0.00024599999999996847,0.9794999999999959,-0.01225114854517456,0.9675,-0.020929045431346716,0.9834999318002864
"frozenset({'Fashion', 'Beauty', 'Home'})","frozenset({'Electronics', 'Sport'})",0.9795,0.988,0.9675,0.9877488514548238,0.9997458010676354,1.0,-0.00024599999999996847,0.9794999999999959,-0.01225114854517456,0.9675,-0.020929045431346716,0.9834999318002864
"frozenset({'Fashion', 'Sport', 'Electronics'})","frozenset({'Beauty', 'Home'})",0.979,0.9885,0.9675,0.9882533197139939,0.9997504498877025,1.0,-0.0002415000000000056,0.9789999999999971,-0.011746680286006391,0.9675,-0.021450459652709853,0.9835045050770272
"frozenset({'Fashion', 'Sport', 'Home'})","frozenset({'Beauty', 'Electronics'})",0.979,0.9885,0.9675,0.9882533197139939,0.9997504498877025,1.0,-0.0002415000000000056,0.9789999999999971,-0.011746680286006391,0.9675,-0.021450459652709853,0.9835045050770272
"frozenset({'Fashion', 'Electronics', 'Home'})","frozenset({'Beauty', 'Sport'})",0.98,0.9875,0.9675,0.9872448979591837,0.9997416688194265,1.0,-0.00024999999999997247,0.9799999999999975,-0.012755102040814911,0.9675,-0.02040816326530866,0.9834958667011109
"frozenset({'Electronics', 'Beauty', 'Sport'})","frozenset({'Fashion', 'Home'})",0.982,0.9855,0.9675,0.9852342158859471,0.9997303053129853,1.0,-0.0002609999999999557,0.9819999999999981,-0.014765784114050435,0.9675,-0.018329938900205598,0.9834846878516493
"frozenset({'Beauty', 'Sport', 'Home'})","frozenset({'Fashion', 'Electronics'})",0.982,0.9855,0.9675,0.9852342158859471,0.9997303053129853,1.0,-0.0002609999999999557,0.9819999999999981,-0.014765784114050435,0.9675,-0.018329938900205598,0.9834846878516493
"frozenset({'Beauty', 'Electronics', 'Home'})","frozenset({'Fashion', 'Sport'})",0.983,0.9845,0.9675,0.9842319430315362,0.9997277227339118,1.0,-0.0002634999999999721,0.9830000000000002,-0.015768056968462202,0.9675,-0.017293997965411735,0.9834821472394857
"frozenset({'Electronics', 'Sport', 'Home'})","frozenset({'Fashion', 'Beauty'})",0.9825,0.985,0.9675,0.9847328244274809,0.99972875576394,1.0,-0.00026250000000005436,0.9824999999999993,-0.015267175572522279,0.9675,-0.01781170483460639,0.983483163482776
"frozenset({'Fashion', 'Beauty'})","frozenset({'Electronics', 'Sport', 'Home'})",0.985,0.9825,0.9675,0.9822335025380711,0.9997287557639399,1.0,-0.00026250000000005436,0.9849999999999979,-0.0177664974619326,0.9675,-0.015228426395941276,0.983483163482776
"frozenset({'Fashion', 'Sport'})","frozenset({'Beauty', 'Electronics', 'Home'})",0.9845,0.983,0.9675,0.9827323514474352,0.9997277227339118,1.0,-0.0002634999999999721,0.9844999999999985,-0.01726764855256297,0.9675,-0.01574403250381063,0.9834821472394857
"frozenset({'Fashion', 'Electronics'})","frozenset({'Beauty', 'Sport', 'Home'})",0.9855,0.982,0.9675,0.9817351598173516,0.9997303053129853,1.0,-0.0002609999999999557,0.9855000000000009,-0.018264840182645355,0.9675,-0.01471334348046581,0.9834846878516493
"frozenset({'Fashion', 'Home'})","frozenset({'Electronics', 'Beauty', 'Sport'})",0.9855,0.982,0.9675,0.9817351598173516,0.9997303053129853,1.0,-0.0002609999999999557,0.9855000000000009,-0.018264840182645355,0.9675,-0.01471334348046581,0.9834846878516493
"frozenset({'Beauty', 'Sport'})","frozenset({'Fashion', 'Electronics', 'Home'})",0.9875,0.98,0.9675,0.979746835443038,0.9997416688194265,1.0,-0.00024999999999997247,0.987500000000001,-0.020253164556959864,0.9675,-0.012658227848100213,0.9834958667011109
"frozenset({'Beauty', 'Electronics'})","frozenset({'Fashion', 'Sport', 'Home'})",0.9885,0.979,0.9675,0.9787556904400607,0.9997504498877025,1.0,-0.0002415000000000056,0.9885000000000019,-0.021244309559939875,0.9675,-0.011633788568536167,0.9835045050770272
"frozenset({'Beauty', 'Home'})","frozenset({'Fashion', 'Sport', 'Electronics'})",0.9885,0.979,0.9675,0.9787556904400607,0.9997504498877025,1.0,-0.0002415000000000056,0.9885000000000019,-0.021244309559939875,0.9675,-0.011633788568536167,0.9835045050770272
"frozenset({'Electronics', 'Sport'})","frozenset({'Fashion', 'Beauty', 'Home'})",0.988,0.9795,0.9675,0.9792510121457491,0.9997458010676356,1.0,-0.00024599999999996847,0.9880000000000014,-0.020748987854248335,0.9675,-0.012145748987852782,0.9834999318002864
"frozenset({'Sport', 'Home'})","frozenset({'Fashion', 'Beauty', 'Electronics'})",0.988,0.9795,0.9675,0.9792510121457491,0.9997458010676356,1.0,-0.00024599999999996847,0.9880000000000014,-0.020748987854248335,0.9675,-0.012145748987852782,0.9834999318002864
"frozenset({'Electronics', 'Home'})","frozenset({'Fashion', 'Beauty', 'Sport'})",0.989,0.9785,0.9675,0.9782608695652174,0.9997556152940392,1.0,-0.00023649999999997284,0.988999999999999,-0.021739130434780093,0.9675,-0.011122345803843303,0.9835095865455111
frozenset({'Fashion'}),"frozenset({'Electronics', 'Beauty', 'Sport', 'Home'})",0.991,0.9765,0.9675,0.9762865792129163,0.9997814431263863,1.0,-0.0002115000000000311,0.9910000000000001,-0.023713420787087217,0.9675,-0.009081735620585172,0.9835349946755826
frozenset({'Beauty'}),"frozenset({'Fashion', 'Home', 'Sport', 'Electronics'})",0.994,0.9735,0.9675,0.9733400402414487,0.9998356859182832,1.0,-0.00015900000000002024,0.9939999999999996,-0.026659959758554678,0.9675,-0.00603621730382341,0.983588356022111
frozenset({'Sport'}),"frozenset({'Fashion', 'Beauty', 'Electronics', 'Home'})",0.9935,0.974,0.9675,0.9738298943130347,0.9998253535041424,1.0,-0.00016899999999997473,0.9934999999999993,-0.02617010568696156,0.9675,-0.006542526421742068,0.9835781915097002
frozenset({'Electronics'}),"frozenset({'Fashion', 'Beauty', 'Sport', 'Home'})",0.9945,0.973,0.9675,0.9728506787330317,0.999846535182972,1.0,-0.00014849999999999586,0.9945000000000004,-0.027149321266967816,0.9675,-0.005530417295122824,0.9835990289862486
frozenset({'Home'}),"frozenset({'Fashion', 'Beauty', 'Sport', 'Electronics'})",0.9945,0.973,0.9675,0.9728506787330317,0.999846535182972,1.0,-0.00014849999999999586,0.9945000000000004,-0.027149321266967816,0.9675,-0.005530417295122824,0.9835990289862486
